iteration,llm_rounds,justification,landing_site
0,0,"['Based on the analysis of the images, the safest surface for an emergency landing is determined by evaluating the flatness, absence of obstructions, and absence of people. Here is the ranking of the surfaces from the most suitable to the least suitable:', '1. Image 2: This surface appears to be flat and clear of obstructions and people, making it the most suitable.', '2. Image 4: This surface is also flat and relatively clear, but it has some minor obstructions compared to Image 2.', '3. Image 1: This surface has some obstructions and is less clear than the previous ones.', '4. Image 3: This surface has significant obstructions and is less suitable.', '5. Image 5: This surface is the least suitable due to the presence of obstructions and potential hazards.']",0
0,1,"['The safest surface for an emergency landing is the one that is flat, clear of obstructions, and free of people. Based on the images provided, I analyzed each surface for these criteria.', 'Image 0: The street is occupied by cars and is not clear of obstructions.', 'Image 1: The street is occupied by cars and is not clear of obstructions.', 'Image 2: The street is occupied by cars and is not clear of obstructions.', 'Image 3: The street is occupied by cars and is not clear of obstructions.', 'Image 4: The street is occupied by cars and is not clear of obstructions.', 'None of the images depict a surface that meets the criteria for a safe emergency landing.']",0
0,0,"['The first image (index 0) shows a rooftop with some obstructions, such as air ducts and equipment, making it unsuitable for landing.', 'The second image (index 1) depicts a rooftop with fewer obstructions, but it still has some structures that could pose a risk.', 'The third image (index 2) shows a parking lot with cars, making it unsuitable for landing.', 'The fourth image (index 3) shows a rooftop with significant obstructions and debris, making it the least suitable for landing.']",0
0,0,"['The first image (index 0) shows a large flat area near a waterfront, which appears to be clear of obstructions and people, making it a suitable landing site.', 'The second image (index 1) shows a similar area but with a narrower perspective, still appearing suitable for landing.', 'The third image (index 2) shows a rooftop area with potential obstructions such as air ducts, making it less suitable.', 'The fourth image (index 3) shows another rooftop area with visible obstructions, making it the least suitable.']",0
0,0,"['The safest surface for the quadcopter to land is the flat rooftop visible in the third image. It appears to be clear of obstructions, people, and is flat. The other images show areas with potential obstructions or uneven surfaces, making them less suitable for an emergency landing.']",0
0,0,"['The safest surface for the quadcopter to land is the flat rooftop visible in the third image. It appears to be clear of obstructions, people, and is flat. The other images show areas with potential obstructions or uneven surfaces, making them less suitable for an emergency landing.']",0
0,0,"['The first image (index 0) shows a pier-like structure over water. It appears flat and clear of obstructions, making it a suitable landing site.', 'The second image (index 1) shows a similar pier-like structure but with more visible obstructions and less clarity, making it less ideal.', 'The third image (index 2) shows rooftops with various equipment and structures, making it unsuitable for landing.', 'The fourth image (index 3) shows a narrow rooftop with obstructions, making it the least suitable for landing.']",0
0,0,"['The safest surface for the quadcopter to land appears to be the flat rooftop visible in the second image. It seems to be clear of obstructions, people, and is flat. The other images show areas with potential obstructions or uneven surfaces, making them less suitable for an emergency landing.']",0
0,0,"['The first image (index 0) shows a parking lot with cars and some open spaces, but it is not entirely clear of obstructions or people, making it less ideal for landing.', 'The second image (index 1) depicts a rooftop with some structures and potential obstructions, but it appears to have more open space compared to the parking lot.', 'The third image (index 2) shows a rooftop with various structures and obstructions, making it less suitable for landing.', 'The fourth image (index 3) shows a large flat rooftop with minimal obstructions, making it the most suitable for landing.']",0
0,0,"['The safest surface for landing is the one that is flat, clear of obstructions, and free of people. Based on the images provided:', '1. Image 2: This surface appears to be a flat rooftop with no visible obstructions or people, making it the most suitable.', '2. Image 3: This surface is also a rooftop, but it has some structures that might pose a risk, making it less ideal than Image 2.', '3. Image 4: This surface has visible equipment and structures, making it less suitable than the previous two.', '4. Image 1: This image shows a street area with vehicles and potential obstructions, making it the least suitable for landing.']",0
0,0,"['The safest surface for the quadcopter to perform an emergency landing is the one that meets all the criteria: clear of obstructions, people, and is flat. Based on the images provided:', '1. Image 3 (Index 2): This image shows a flat surface with no visible obstructions or people. It appears to be a plaza or open area, making it the most suitable for landing.', '2. Image 4 (Index 3): This image shows a rooftop with minimal obstructions and no visible people. It is flat and could be a secondary option.', '3. Image 2 (Index 1): This image shows a rooftop with some obstructions and potential hazards. It is less suitable than the previous options.', '4. Image 1 (Index 0): This image shows a building facade, which is not a flat surface and is unsuitable for landing.']",0
0,0,"['The first image (index 0) shows a rooftop with some obstructions such as air ducts and equipment, making it unsuitable for landing.', 'The second image (index 1) depicts a building facade, which is not a flat surface and thus unsuitable for landing.', 'The third image (index 2) shows a street with vehicles and pedestrians, making it unsafe for landing.', 'The fourth image (index 3) shows a rooftop with minimal obstructions, appearing to be the safest option for landing.']",0
0,0,"['The first image (index 0) shows a cityscape with various buildings and streets. The streets are not suitable due to the presence of cars and potential pedestrians. The rooftops of the buildings are potential candidates, but they contain air ducts and other obstructions, making them less ideal.', 'The second image (index 1) focuses on a building facade, which is not a flat surface and thus unsuitable for landing.', 'The third image (index 2) shows a rooftop with some equipment and structures. While it is flat, the presence of these obstructions makes it less ideal.', 'The fourth image (index 3) shows another rooftop with fewer obstructions. This appears to be the safest option for landing.']",0
0,0,"['The first image (index 0) shows a flat, open area with minimal obstructions, making it the most suitable for landing.', 'The second image (index 1) has some obstructions and structures, making it less suitable than the first.', 'The third image (index 2) shows a vertical building facade, which is not suitable for landing.', 'The fourth image (index 3) shows a rooftop with obstructions, making it less suitable than the first two.']",0
0,0,"['The first image (index 0) shows a flat rooftop with some obstructions like air ducts and equipment. While it is flat, the presence of these obstructions makes it less ideal.', 'The second image (index 1) depicts a street area with cars and pedestrians, making it unsuitable for landing.', 'The third image (index 2) shows a rooftop with a grid-like structure, which is not flat and thus unsuitable.', 'The fourth image (index 3) shows a tall building with a rooftop that appears to have obstructions and is not flat.']",0
0,0,"['The first image (index 0) shows a flat rooftop with some obstructions such as air ducts and equipment. While it is flat, the presence of these obstructions makes it less ideal for a safe landing.', 'The second image (index 1) depicts a street area with cars and other potential obstacles. This is not a flat or clear surface, making it unsuitable for landing.', 'The third image (index 2) shows the side of a building, which is not a flat surface and is entirely unsuitable for landing.', 'The fourth image (index 3) also shows the side of a building, which is not a flat surface and is unsuitable for landing.']",0
0,0,"['The first image (index 0) shows a flat rooftop with some obstructions such as air ducts and equipment, but there are clear areas that could be suitable for landing. The second image (index 1) depicts a rooftop with a smaller flat area and more obstructions, making it less suitable. The third image (index 2) shows a rooftop with significant obstructions and limited clear space, making it less ideal. The fourth image (index 3) appears to have a flat surface but with some obstructions and less clarity on available space.']",0
0,0,"['The first image (index 0) shows a flat rooftop with some obstructions such as air ducts and equipment, but there are clear areas that could be suitable for landing. The second image (index 1) depicts a street area with vehicles and pedestrians, making it unsuitable for landing. The third image (index 2) shows the rooftop of a building with minimal obstructions, making it a good candidate for landing. The fourth image (index 3) shows a rooftop with gravel and no clear flat area, making it less suitable for landing.']",0
0,0,"['The safest surface for landing is the one in the second image (index 1). It appears to be a flat rooftop with minimal obstructions and no visible people. The first image (index 0) shows a similar rooftop but with more obstructions, making it less ideal. The third image (index 2) has a rooftop with visible equipment and potential obstructions, and the fourth image (index 3) shows a surface that is not flat and has significant obstructions, making it the least suitable.']",0
0,0,"['The first image (index 0) shows a rooftop with various obstructions such as air ducts, equipment, and debris. While there are flat areas, the presence of these obstructions makes it less suitable for landing.', 'The second image (index 1) focuses on a portion of the rooftop, showing a similar situation with obstructions and limited clear flat space.', 'The third image (index 2) zooms in further, showing a smaller area with fewer obstructions, but still not entirely clear.', 'The fourth image (index 3) shows a section with some debris and equipment, making it less suitable for landing.']",0
0,0,"['The first image (index 0) shows a surface with obstructions such as air ducts, making it unsuitable for landing.', 'The second image (index 1) also contains obstructions and structures, making it unsafe for landing.', 'The third image (index 2) appears to be a flat and clear surface, making it the most suitable for landing.', 'The fourth image (index 3) shows a surface with debris and potential obstructions, making it less suitable for landing.']",0
0,1,"['The first image (index 0) appears to show a clear and flat surface, free of obstructions and people, making it the most suitable for landing.', 'The second image (index 1) contains a vehicle, which makes it unsuitable for landing.', 'The third image (index 2) has a flat surface but includes a small object or obstruction, making it less suitable than the first image.', 'The fourth image (index 3) also has a flat surface but includes markings and potential obstructions, making it the least suitable.']",0
0,0,"['The safest surface for the quadcopter to land is the one in the fourth image. It is a flat surface, free of obstructions, and appears to be clear of people. The other surfaces have various obstructions such as air ducts, equipment, or uneven features that make them less suitable for landing.']",0
0,0,"['The first image (index 0) shows a flat rooftop with some obstructions such as air ducts and equipment. While there are clear areas, the presence of these obstructions makes it less ideal.', 'The second image (index 1) is a zoomed-in section of the first image, showing a specific part of the rooftop. It has fewer obstructions but still contains some equipment.', 'The third image (index 2) is another zoomed-in section of the rooftop, showing a clearer area with minimal obstructions, making it more suitable.', 'The fourth image (index 3) shows a flat surface with no visible obstructions or equipment, making it the safest option for landing.']",0
0,0,"['The first image shows a top-down view of a city with multiple rooftops and streets. The rooftops appear to have various obstructions such as air ducts and equipment, and the streets are occupied by vehicles, making them unsuitable for landing.', 'The second image focuses on a specific rooftop. This rooftop has several obstructions, including air ducts and equipment, and is not entirely flat, making it unsuitable for landing.', 'The third image shows another rooftop, which appears to be flat and clear of obstructions. This makes it a potentially suitable landing site.', 'The fourth image shows a rooftop with some obstructions and uneven surfaces, making it less suitable for landing.']",0
0,0,"['The surfaces in the images are analyzed for suitability based on the criteria provided. All images depict a rooftop area with various obstructions such as air ducts, debris, and other structures. None of the surfaces appear to be completely clear of obstructions, which makes them less than ideal for an emergency landing. However, some areas are relatively more open than others, and the ranking is based on the extent of clear space available.', 'Based on the analysis, the ranking from the most suitable to the least suitable surface is as follows: 3, 2, 1, 0.']",0
0,0,"['All the surfaces in the images appear to be flat and free of obstructions or people, making them suitable for an emergency landing. However, without further distinguishing features, they are equally ranked.']",0
0,0,"['The surfaces in the images were analyzed for suitability as emergency landing sites for the quadcopter. The analysis considered the presence of obstructions, people, and the flatness of the surface. Based on the images:', '1. Image 3 (Index 2) appears to be the most suitable as it has a clear and flat area with minimal obstructions.', '2. Image 4 (Index 3) is the next best option, with a similarly clear area but slightly less space than Image 3.', '3. Image 2 (Index 1) has more obstructions compared to the previous two images, making it less ideal.', '4. Image 1 (Index 0) has the most obstructions and is the least suitable for landing.']",0
0,1,"['The first image (index 0) shows a street with cars and pedestrians, making it unsuitable for landing.', 'The second image (index 1) depicts a vertical building facade, which is not a flat surface and thus unsuitable.', 'The third image (index 2) is similar to the first, showing a street with obstructions and pedestrians.', 'The fourth image (index 3) is a close-up of the building facade, also unsuitable for landing.']",0
